#duration,p0x,p0y,p0z,...
2.22926,-1.999999999999998,-8.113495523244479e-16,1.4999999999999971,-1.9999999999999984,-5.249351431807096e-16,1.499999999999998,-1.999999999999999,-2.3852073403697177e-16,1.499999999999999,-1.9999999999999982,4.7893675106766214e-17,1.499999999999999,-1.7951594650907634,0.09378128287028259,1.5560368303092065,-1.54011473337665,0.13690904092680906,1.6003145320406866,-1.26905056847546,0.17361765438089738,1.6494998099288423,-1.0000212242500286,0.2000043396983351,1.7000051453228862
2.01632,-0.9999999999999961,0.1999999999999999,1.699999999999997,-0.7566546598857116,0.22386257110857133,1.7456768491428554,-0.5149655517202663,0.23927831145949416,1.7924302201096403,-0.2882870118129842,0.2433578333977538,1.8376029704991934,-0.21022604081753582,0.21323968860944653,1.8837035441653955,-0.13632654203964467,0.20441319495533053,1.894568003693871,-0.06816376035258465,0.20000044596920896,1.9000000205790404,-5.09768209333572e-06,0.20000184396489518,1.8999989376459674
2.01632,1.4777902055291624e-16,0.19999999999999943,1.8999999999999972,0.0681628497828573,0.19999999999999993,1.8999999999999997,0.13632569956571208,0.20441315055467557,1.894567984812432,0.2102249790132759,0.21323945166402541,1.8837039544372975,0.3603035436053681,0.25261474005824774,1.8442000074525595,0.555637064164415,0.2415975815485055,1.7983782410809899,0.7733235116648582,0.22502240554564046,1.749426098762148,1.0000130675681973,0.20000019418780424,1.700001115359934
2.22926,0.9999999999999993,0.19999999999999957,1.6999999999999968,1.2506169123228568,0.172335424791714,1.6453551050171409,1.5122292306256173,0.13434570067486062,1.5901318669009166,1.766789078605936,0.08212593041012035,1.5379213122858977,2.0000000006266254,-2.5531004713141847e-07,1.5000003627497203,1.999999673239,-3.256021911882123e-07,1.500000598672459,1.9999991100798606,-2.3469160204125927e-07,1.5000008866977912,1.9999955283889133,1.7198597657142045e-08,1.500001022647893
