#duration,p0x,p0y,p0z,...
4.78978,2.29591,-0.685449,1.5,2.29591,-0.685449,1.5,2.29591,-0.685449,1.5,2.29591,-0.685449,1.5,1.0212092974,-0.171401649435,1.57619571591,0.571471970186,0.0445206608273,1.43798697564,-0.0200301883244,0.323200236983,1.28149237223,-0.611594201423,0.601859174372,1.1249927658
4.81254,-0.611505,0.601896,1.125,-1.20580281458,0.881907452349,0.967763318109,-1.80010062915,1.1619189047,0.810526636217,-2.25061307657,1.37826508987,0.67183544577,-3.51891940091,1.88924129837,0.750000247504,-3.5189112435,1.88924010175,0.750000500076,-3.51888699784,1.88924398235,0.749999722027,-3.51883118084,1.88928368718,0.749993450385
