#duration,p0x,p0y,p0z,...
5.12541,2.94743,0.109471,0.75,2.94743,0.109471,0.75,2.94743,0.109471,0.75,2.94743,0.109471,0.75,1.41605604704,0.0452923282115,0.685787414537,0.862061046536,0.180459195131,0.8210241134,0.151417552529,0.332370673735,0.973007505558,-0.559277701003,0.484293911838,1.12498378468
5.1349,-0.559155,0.484273,1.125,-1.27107954271,0.6364611662,1.27726885749,-1.98300408543,0.7886493324,1.42953771497,-2.53743532251,0.924003786758,1.56496396337,-4.06573742491,0.859074587562,1.50000056893,-4.06573971328,0.859075054475,1.50000025832,-4.06573369387,0.859077997901,1.50000057332,-4.06569411665,0.859083642739,1.50000021043
